"fair_slug","gallery_name_en","source_url","reason","seed_url_type","target_year","input_grain","provenance_run_id","provenance_artifact","qa_expected_group","url_canonical_hash"
"frieze_london","Gallery Baton","https://gallerybaton.com/exhibitions/116-david-o-kane-symphony-of-selves","task183_safe_provenance_gated_trial","detail","2025","detail","20260303T172428Z-safe-trial","reextract_targets_exhibitions_image_task_t150_authoritative_max50.csv","safe_provenance_gated","f6f0901c8f624e96a60e7955e48859cf4fab06e7"
"frieze_london","Gallery Baton","https://gallerybaton.com/exhibitions/117-djordje-ozbolt-sing-me-a-song","task183_safe_provenance_gated_trial","detail","2025","detail","20260303T172428Z-safe-trial","reextract_targets_exhibitions_image_task_t150_authoritative_max50.csv","safe_provenance_gated","ad3ebf2d1a0d07008fc88f206e2040acafa355c9"
"frieze_london","Gallery Baton","https://gallerybaton.com/exhibitions/118-koen-van-den-broek-freedom-of-shadows","task183_safe_provenance_gated_trial","detail","2025","detail","20260303T172428Z-safe-trial","reextract_targets_exhibitions_image_task_t150_authoritative_max50.csv","safe_provenance_gated","c392b0658e11e9ac58797facfcf40d571ffd345c"
"frieze_london","Gallery Baton","https://gallerybaton.com/exhibitions/119-estuary-between-tides","task183_safe_provenance_gated_trial","detail","2025","detail","20260303T172428Z-safe-trial","reextract_targets_exhibitions_image_task_t150_authoritative_max50.csv","safe_provenance_gated","5d2b724ad6bf29c2f0315c2ec4f6e12a90900977"
"frieze_london","Gallery Baton","https://gallerybaton.com/exhibitions/120-tatsuo-miyajima-folding-cosmos","task183_safe_provenance_gated_trial","detail","2025","detail","20260303T172428Z-safe-trial","reextract_targets_exhibitions_image_task_t150_authoritative_max50.csv","safe_provenance_gated","e733a6be2982589a1a3bb9e456161c38fc37da6b"
"frieze_london","Gallery Baton","https://gallerybaton.com/exhibitions/121-minyoung-choi-midnight-walk","task183_safe_provenance_gated_trial","detail","2025","detail","20260303T172428Z-safe-trial","reextract_targets_exhibitions_image_task_t150_authoritative_max50.csv","safe_provenance_gated","c2e6d4ecd25455f35e7275ad5e566f4f250088aa"
"frieze_london","Gallery Baton","https://gallerybaton.com/exhibitions/122-jimok-choi-a-hundred-suns","task183_safe_provenance_gated_trial","detail","2025","detail","20260303T172428Z-safe-trial","reextract_targets_exhibitions_image_task_t150_authoritative_max50.csv","safe_provenance_gated","8a19f6c10884633b29bf0062844428f1dcad2a26"
"frieze_london","Gallery Baton","https://gallerybaton.com/exhibitions/123-heeseung-chung-wilder","task183_safe_provenance_gated_trial","detail","2025","detail","20260303T172428Z-safe-trial","reextract_targets_exhibitions_image_task_t150_authoritative_max50.csv","safe_provenance_gated","c701614d8535fd248a509e27455894f867a5dab2"
"frieze_london","Gallery Baton","https://gallerybaton.com/exhibitions/124-rinus-van-de-velde-loud-echoes","task183_safe_provenance_gated_trial","detail","2025","detail","20260303T172428Z-safe-trial","reextract_targets_exhibitions_image_task_t150_authoritative_max50.csv","safe_provenance_gated","96116a8c415f0c4dde6a8cb34c0aaa9a6a8db018"
"frieze_london","Gallery Baton","https://gallerybaton.com/exhibitions/125-against-ornament-against-the-object-tapta-carl-andre-jimok-choi-liam-gillick","task183_safe_provenance_gated_trial","detail","2025","detail","20260303T172428Z-safe-trial","reextract_targets_exhibitions_image_task_t150_authoritative_max50.csv","safe_provenance_gated","9bdda37fad61f2f07bbe45d47e25152bcee3e9b1"
"liste","Amanita","https://spazioamanita.com/Exhibitions/AlessandroTwomblyFA.html","task183_safe_provenance_gated_trial","detail","2025","detail","20260303T172428Z-safe-trial","reextract_targets_exhibitions_image_task_t150_authoritative_max50.csv","safe_provenance_gated","06c57b8f415d528393b37fd0857a2f5e88034864"
"liste","Amanita","https://spazioamanita.com/Exhibitions/Aroomofwisdom.html","task183_safe_provenance_gated_trial","detail","2025","detail","20260303T172428Z-safe-trial","reextract_targets_exhibitions_image_task_t150_authoritative_max50.csv","safe_provenance_gated","fd717b6f32d24e5f50eef593ec542a902ae71b67"
"liste","Amanita","https://spazioamanita.com/Exhibitions/ContemporaryIstanbul25.html","task183_safe_provenance_gated_trial","detail","2025","detail","20260303T172428Z-safe-trial","reextract_targets_exhibitions_image_task_t150_authoritative_max50.csv","safe_provenance_gated","768ed807f1813cea3cd6f3b0cfa541f6f7936477"
"liste","Amanita","https://spazioamanita.com/Exhibitions/DesireScript.html","task183_safe_provenance_gated_trial","detail","2025","detail","20260303T172428Z-safe-trial","reextract_targets_exhibitions_image_task_t150_authoritative_max50.csv","safe_provenance_gated","ad31add86505950c126708c74766e8802f490fc5"
"liste","Amanita","https://spazioamanita.com/Exhibitions/draperyandeggs.html","task183_safe_provenance_gated_trial","detail","2025","detail","20260303T172428Z-safe-trial","reextract_targets_exhibitions_image_task_t150_authoritative_max50.csv","safe_provenance_gated","f130830d315b6a66a8a524675d5b1cebcca34ade"
"liste","Amanita","https://spazioamanita.com/Exhibitions/gogyo.html","task183_safe_provenance_gated_trial","detail","2025","detail","20260303T172428Z-safe-trial","reextract_targets_exhibitions_image_task_t150_authoritative_max50.csv","safe_provenance_gated","bb3b531b0286ef2010beb4f03b994746bf528138"
"liste","Amanita","https://spazioamanita.com/Exhibitions/IusedtobeaMountain.html","task183_safe_provenance_gated_trial","detail","2025","detail","20260303T172428Z-safe-trial","reextract_targets_exhibitions_image_task_t150_authoritative_max50.csv","safe_provenance_gated","99c48c6a51ba33d5c0c2fb80ca7503def9d487db"
"liste","Amanita","https://spazioamanita.com/Exhibitions/Liste2025.html","task183_safe_provenance_gated_trial","detail","2025","detail","20260303T172428Z-safe-trial","reextract_targets_exhibitions_image_task_t150_authoritative_max50.csv","safe_provenance_gated","7b840f9618c90020b70637aee59dc698864c78d5"
"liste","Amanita","https://spazioamanita.com/Exhibitions/Questaserasirecitaasoggetto.html","task183_safe_provenance_gated_trial","detail","2025","detail","20260303T172428Z-safe-trial","reextract_targets_exhibitions_image_task_t150_authoritative_max50.csv","safe_provenance_gated","33dc0d5f045e821dd182f76b49f8fea93dc07f6e"
"liste","Amanita","https://spazioamanita.com/Exhibitions/SpiritEconomy.html","task183_safe_provenance_gated_trial","detail","2025","detail","20260303T172428Z-safe-trial","reextract_targets_exhibitions_image_task_t150_authoritative_max50.csv","safe_provenance_gated","f82a37cf3524e4cfab11826b9f07cb5c70522333"
"liste","Amanita","https://spazioamanita.com/Exhibitions/SwallowtheMoon.html","task183_safe_provenance_gated_trial","detail","2025","detail","20260303T172428Z-safe-trial","reextract_targets_exhibitions_image_task_t150_authoritative_max50.csv","safe_provenance_gated","bf863db230816fbf4b2f008de102f98789afaeee"
"liste","Amanita","https://spazioamanita.com/Exhibitions/TEFAF2025.html","task183_safe_provenance_gated_trial","detail","2025","detail","20260303T172428Z-safe-trial","reextract_targets_exhibitions_image_task_t150_authoritative_max50.csv","safe_provenance_gated","ae55c622fb2e9ee3f7055e375bc7a4d70c1cb34d"
"liste","Amanita","https://spazioamanita.com/Exhibitions/ToaPasserby.html","task183_safe_provenance_gated_trial","detail","2025","detail","20260303T172428Z-safe-trial","reextract_targets_exhibitions_image_task_t150_authoritative_max50.csv","safe_provenance_gated","e3e1cd77ea2b20c9d159213e359345af06c202e8"
